{"count":1,"self":29.700745599999998,"total":31.4275061,"children":{"InitializeActuators":{"count":2,"self":0.0030050999999999997,"total":0.0030050999999999997,"children":null},"InitializeSensors":{"count":2,"self":0.0029917999999999998,"total":0.0029917999999999998,"children":null},"AgentSendState":{"count":3177,"self":0.059403599999999994,"total":0.1949939,"children":{"CollectObservations":{"count":3178,"self":0.0996281,"total":0.0996281,"children":null},"WriteActionMask":{"count":3178,"self":0.0050399999999999993,"total":0.0050399999999999993,"children":null},"RequestDecision":{"count":3178,"self":0.030922199999999997,"total":0.030922199999999997,"children":null}}},"DecideAction":{"count":3177,"self":0.9468485,"total":0.9468485,"children":null},"AgentAct":{"count":3177,"self":0.5779247,"total":0.5779247,"children":null}},"gauges":{"DReCon-Mj.CumulativeReward":{"count":15,"max":264.232941,"min":81.60272,"runningAverage":141.905914,"value":198.956665,"weightedAverage":142.285538}},"metadata":{"timer_format_version":"0.1.0","start_time_seconds":"1699878840","unity_version":"2022.3.2f1","command_line_arguments":"C:\\Program Files\\Unity\\Hub\\Editor\\2022.3.2f1\\Editor\\Unity.exe -projectpath C:\\Unity_Repos\\Unity_3D\\gaitkeeper\\GaitKeeper -useHub -hubIPC -cloudEnvironment production","communication_protocol_version":"1.5.0","com.unity.ml-agents_version":"2.3.0-exp.3","scene_name":"DReCon - Artanim","end_time_seconds":"1699878871"}}