{"count":1,"self":40.829884799999995,"total":45.741976,"children":{"InitializeActuators":{"count":1,"self":0.0040165999999999995,"total":0.0040165999999999995,"children":null},"InitializeSensors":{"count":1,"self":0.0050236,"total":0.0050236,"children":null},"AgentSendState":{"count":5003,"self":0.41488149999999996,"total":4.0227197,"children":{"CollectObservations":{"count":2502,"self":0.0062546,"total":0.0062546,"children":null},"WriteActionMask":{"count":2502,"self":0.0072625999999999993,"total":0.0072625999999999993,"children":null},"RequestDecision":{"count":2502,"self":0.038208399999999997,"total":3.594321,"children":{"RenderTextureSensor.GetCompressedObservation":{"count":2502,"self":3.5561127999999997,"total":3.5561125999999996,"children":null}}}}},"DecideAction":{"count":5003,"self":0.030993999999999997,"total":0.030993999999999997,"children":null},"AgentAct":{"count":5003,"self":0.82353239999999994,"total":0.8454149,"children":{"RenderTextureSensor.GetCompressedObservation":{"count":33,"self":0.0218825,"total":0.0218825,"children":null}}},"RenderTextureSensor.GetCompressedObservation":{"count":2,"self":0.0029276999999999997,"total":0.0029276999999999997,"children":null}},"gauges":{"DReCon-Mj.CumulativeReward":{"count":35,"max":193.910126,"min":41.8080673,"runningAverage":105.707336,"value":153.05101,"weightedAverage":111.3631}},"metadata":{"timer_format_version":"0.1.0","start_time_seconds":"1706018267","unity_version":"2022.3.2f1","command_line_arguments":"C:\\Program Files\\Unity\\Hub\\Editor\\2022.3.2f1\\Editor\\Unity.exe -projectpath C:\\Unity_Repos\\Unity_3D\\gaitkeeper\\GaitKeeper -useHub -hubIPC -cloudEnvironment production","communication_protocol_version":"1.5.0","com.unity.ml-agents_version":"2.3.0-exp.3","scene_name":"Soft-Foot User Unilateral Rough","end_time_seconds":"1706018313"}}